Frame,Saliency_xcoord,Saliency_ycoord
0,,
1,,
2,,
3,,
4,759,423
5,759,423
6,759,423
7,759,423
8,759,423
9,759,423
10,759,423
11,759,423
12,759,423
13,759,423
14,759,423
15,759,423
16,759,423
17,759,423
18,759,423
19,759,423
20,759,423
21,759,423
22,759,423
23,759,423
24,759,423
25,759,423
26,759,423
27,759,423
28,759,423
29,759,423
30,759,423
31,759,423
32,759,423
33,759,423
34,759,423
35,759,423
36,759,423
37,759,423
38,759,423
39,759,423
40,759,423
41,759,423
42,759,423
43,759,423
44,759,423
45,759,423
46,759,423
47,759,423
48,759,423
49,759,423
50,759,423
51,759,423
52,759,423
53,759,423
54,759,423
55,759,423
56,759,423
57,759,423
58,759,423
59,759,423
60,759,423
61,759,423
62,759,423
63,759,423
64,759,423
65,759,423
66,759,423
67,759,423
68,759,423
69,759,423
70,759,423
71,759,423
72,759,423
73,759,423
74,759,423
75,759,423
76,759,423
77,759,423
78,759,423
79,759,423
80,759,423
81,759,423
82,759,423
83,759,423
84,759,423
85,759,423
86,759,423
87,759,423
88,759,423
89,759,423
90,759,423
91,759,423
92,757,110
93,757,110
94,757,110
95,757,110
96,760,76
97,760,76
98,515,37
99,515,37
100,512,41
101,385,67
102,385,67
103,268,15
104,269,33
105,269,33
106,202,37
107,202,37
108,21,131
109,21,131
110,21,131
111,31,2
112,31,2
113,31,2
114,17,183
115,115,18
116,115,18
117,269,41
118,269,41
119,254,217
120,254,217
121,254,217
122,744,29
123,640,183
124,640,183
125,640,183
126,640,183
127,640,183
128,640,183
129,640,183
130,640,183
131,640,183
132,640,183
133,640,183
134,640,183
135,640,183
136,640,183
137,368,43
138,368,43
139,368,43
140,368,43
141,219,7
142,192,127
143,192,127
144,192,127
145,192,127
146,192,127
147,192,127
148,5,42
149,7,44
150,132,41
151,141,47
152,141,47
153,141,47
154,372,278
155,372,278
156,372,278
157,664,279
158,664,279
159,607,216
160,607,216
161,713,143
162,762,18
163,762,18
164,762,18
165,762,18
166,762,18
167,753,15
168,679,23
169,679,23
170,679,23
171,679,23
172,679,23
173,679,23
174,369,96
175,369,96
176,369,96
177,369,96
178,8,169
179,212,38
180,212,38
181,338,421
182,339,423
183,339,423
184,339,423
185,136,273
186,136,273
187,136,273
188,136,273
189,136,273
190,136,273
191,621,97
192,621,97
193,621,97
194,621,97
195,634,235
196,634,235
197,599,205
198,599,205
199,599,205
200,713,2
201,713,2
202,713,2
203,678,11
204,590,15
205,515,5
206,515,5
207,515,5
208,515,5
209,347,32
210,208,26
211,208,26
212,208,26
213,208,26
214,208,26
215,102,57
216,102,57
217,102,57
218,4,77
219,4,77
220,4,77
221,21,394
222,21,394
223,21,394
224,21,394
225,21,394
226,21,394
227,749,367
228,749,367
229,749,367
230,757,273
231,757,273
232,757,273
233,757,273
234,601,51
235,601,51
236,373,179
237,374,180
238,310,171
239,310,171
240,310,171
241,310,171
242,310,171
243,310,171
244,310,171
245,310,171
246,310,171
247,310,171
248,310,171
249,310,171
250,310,171
251,310,171
252,310,171
253,310,171
254,310,171
255,299,353
256,299,353
257,299,353
258,299,353
259,299,353
260,299,353
261,299,353
262,299,353
263,299,353
264,299,353
265,299,353
266,299,353
267,299,353
268,299,353
269,299,353
270,299,353
271,299,353
272,299,353
273,299,353
274,299,353
275,437,399
276,437,399
277,437,399
278,437,399
279,437,399
280,101,367
281,101,367
282,101,367
283,101,367
284,101,367
285,101,367
286,101,367
287,101,367
288,493,402
289,493,402
290,493,402
291,493,402
292,493,402
293,493,402
294,493,402
295,260,427
296,594,130
297,594,130
298,594,130
299,594,130
300,526,198
301,526,198
302,526,198
303,526,198
304,526,198
305,526,198
306,526,198
307,526,198
308,526,198
309,526,198
310,526,198
311,526,198
312,526,198
313,573,428
314,380,342
315,380,342
316,350,309
317,350,309
318,350,309
319,319,282
320,319,282
321,319,282
322,319,282
323,241,427
324,241,427
325,226,428
326,179,141
327,174,140
328,140,3
329,140,2
330,140,2
331,256,427
332,224,428
333,223,180
334,223,180
335,223,180
336,223,180
337,291,247
338,289,248
339,350,273
340,350,273
341,543,425
342,543,425
343,543,425
344,543,425
345,543,425
346,543,425
347,543,425
348,543,425
349,543,425
350,149,427
351,149,427
352,149,427
353,149,427
354,149,427
355,415,423
356,157,419
357,430,368
358,430,368
359,430,368
360,430,368
361,198,427
362,198,427
363,198,427
364,198,427
365,198,427
366,498,31
367,481,4
368,358,4
369,462,3
370,462,3
371,462,3
372,448,163
373,448,163
374,448,163
375,456,213
376,456,213
377,456,213
378,456,213
379,109,375
380,109,375
381,109,375
382,109,375
383,109,375
384,109,375
385,109,375
386,109,375
387,109,375
388,456,427
389,487,427
390,487,427
391,487,427
392,487,427
393,621,266
394,621,266
395,621,266
396,621,266
397,621,266
398,621,266
399,621,266
400,621,266
401,621,266
402,621,266
403,621,266
404,621,266
405,374,250
406,374,250
407,374,250
408,374,250
409,374,250
410,414,227
411,414,227
412,414,227
413,414,227
414,439,195
415,439,195
416,479,206
417,399,209
418,399,209
419,399,209
420,399,209
421,337,209
422,291,259
423,185,247
424,185,247
425,185,247
426,185,247
427,316,72
428,395,65
429,335,36
430,335,36
431,335,36
432,403,2
433,403,2
434,403,2
435,403,2
436,115,211
437,115,211
438,459,7
439,459,7
440,459,7
441,96,207
442,97,207
443,97,207
444,97,207
445,443,43
446,450,8
447,450,8
448,454,10
449,78,192
450,453,3
451,453,3
452,453,3
453,453,3
454,453,3
455,12,180
456,12,180
457,12,180
458,305,225
459,305,225
460,407,5
461,407,5
462,407,5
463,388,7
464,388,7
465,160,189
466,160,189
467,12,165
468,12,165
469,12,165
470,12,165
471,12,165
472,12,165
473,12,165
474,12,165
475,12,165
476,12,165
477,12,165
478,12,165
479,12,165
480,12,165
481,12,165
482,12,165
483,12,165
484,12,165
485,12,165
486,12,165
487,12,165
488,12,165
489,12,165
490,12,165
491,12,165
492,12,165
493,759,423
494,759,423
495,392,76
496,392,76
497,392,76
498,216,2
499,216,2
500,216,2
501,216,2
502,445,28
503,445,28
504,445,28
505,323,124
506,481,28
507,481,28
508,311,162
509,311,162
510,311,162
511,439,210
512,439,210
513,288,246
514,288,246
515,256,325
516,256,325
517,256,325
518,501,123
519,501,123
520,501,123
521,501,123
522,501,123
523,501,123
524,501,123
525,501,123
526,501,123
527,75,414
528,75,414
529,75,414
530,75,414
531,84,302
532,365,377
533,365,377
534,365,377
535,365,377
536,365,377
537,365,377
538,365,377
539,231,424
540,231,424
541,231,424
542,231,424
543,426,286
544,426,286
545,426,286
546,426,286
547,426,286
548,131,421
549,131,421
550,147,428
551,147,428
552,147,428
553,147,428
554,422,36
555,422,36
556,471,426
557,428,6
558,424,2
559,424,2
560,424,2
561,424,2
562,424,2
563,424,2
564,424,2
565,424,2
566,501,427
567,304,425
568,439,400
569,359,425
570,359,425
571,415,180
572,415,180
573,416,90
574,416,90
575,416,90
576,416,90
577,416,90
578,416,90
579,416,90
580,416,90
581,416,90
582,416,90
583,416,90
584,754,426
585,754,426
586,216,383
587,216,384
588,216,384
589,144,374
590,144,374
591,144,374
592,271,428
593,271,428
594,271,428
595,106,352
596,111,353
597,111,353
598,327,263
599,327,263
600,327,263
601,327,263
602,327,263
603,327,263
604,327,263
605,327,263
606,327,263
607,327,263
608,327,263
609,327,263
610,327,263
611,327,263
612,327,263
613,327,263
614,327,263
615,327,263
616,327,263
617,327,263
618,327,263
619,327,263
620,327,263
621,327,263
622,327,263
623,327,263
624,327,263
625,327,263
626,327,263
627,327,263
628,327,263
629,327,263
630,327,263
631,327,263
632,327,263
633,327,263
634,327,263
635,96,351
636,96,353
637,97,352
638,97,352
639,97,352
640,97,352
641,97,352
642,97,352
643,97,352
644,365,269
645,365,269
646,365,269
647,365,269
648,378,237
649,433,239
650,288,428
651,288,428
652,415,196
653,415,196
654,415,196
655,415,196
656,415,196
657,415,196
658,415,196
659,336,428
660,337,428
661,300,428
662,300,428
663,437,215
664,437,215
665,320,428
666,302,428
667,304,428
668,304,428
669,304,428
670,304,428
671,304,428
672,304,428
673,304,428
674,290,428
675,290,428
676,290,428
677,290,428
678,290,428
679,290,428
680,290,428
681,302,428
682,302,428
683,333,427
684,333,427
685,333,427
686,333,427
687,301,428
688,301,428
689,301,428
690,301,428
691,301,428
692,301,428
693,301,428
694,301,428
695,301,428
696,301,428
697,301,428
698,339,394
699,168,390
700,168,390
701,168,390
702,168,390
703,168,390
704,168,390
705,168,390
706,168,390
707,168,390
708,168,390
709,168,390
710,168,390
711,422,139
712,386,153
713,386,153
714,397,147
715,381,119
716,381,119
717,381,119
718,373,70
719,391,87
720,391,86
721,391,86
722,373,70
723,373,70
724,373,70
725,373,70
726,373,70
727,373,70
728,358,85
729,372,91
730,391,113
731,327,145
732,324,146
733,324,146
734,324,146
735,324,146
736,324,146
737,324,146
738,324,146
739,324,146
740,324,146
741,364,278
742,399,246
743,386,259
744,344,215
745,343,215
746,343,215
747,353,224
748,353,224
749,353,224
750,353,224
751,353,224
752,394,239
753,394,239
754,394,239
755,394,239
756,394,239
757,394,239
758,394,239
759,394,239
760,394,239
761,394,239
762,394,239
763,389,256
764,405,264
765,405,264
766,405,264
767,405,264
768,405,264
769,405,264
770,601,307
771,601,307
772,601,307
773,601,307
774,601,307
775,751,368
776,751,368
777,751,368
778,751,368
779,751,368
780,746,317
781,746,317
782,746,317
783,746,317
784,746,317
785,746,317
786,746,317
787,746,317
788,604,335
789,604,335
790,503,321
791,503,321
792,503,321
793,503,321
794,503,321
795,503,321
796,503,321
797,503,321
798,8,284
799,8,284
800,8,284
801,8,284
802,8,284
803,8,284
804,8,284
805,8,284
806,8,284
807,8,284
808,8,284
809,81,279
810,80,281
811,101,415
812,93,343
813,93,343
814,93,343
815,93,343
816,93,343
817,93,343
818,93,343
819,93,343
820,93,343
821,93,343
822,93,343
823,93,343
824,93,343
825,93,343
826,93,343
827,93,343
828,93,343
829,93,343
830,93,343
831,589,411
832,589,411
833,643,426
834,636,426
835,636,426
836,285,368
837,285,368
838,285,368
839,285,368
840,285,368
841,285,368
842,285,368
843,285,368
844,285,368
845,285,368
846,285,368
847,285,368
848,10,45
849,10,45
850,10,45
851,10,45
852,10,288
853,10,288
854,10,288
855,5,426
856,168,428
857,168,428
858,345,428
859,345,428
860,345,428
861,345,428
862,342,428
863,371,428
864,369,428
865,176,365
866,176,365
867,176,365
868,176,365
869,176,365
870,176,365
871,176,365
872,176,365
873,118,346
874,448,398
875,111,350
876,111,350
877,111,350
878,111,350
879,111,350
880,125,342
881,120,356
882,115,347
883,115,347
884,115,347
885,115,347
886,115,347
887,128,341
888,128,341
889,136,366
890,133,356
891,133,356
892,133,356
893,133,356
894,133,356
895,448,409
896,112,368
897,99,349
898,440,407
899,454,406
900,454,406
901,454,406
902,454,406
903,420,427
904,420,427
905,420,427
906,311,317
907,334,277
908,295,289
909,295,289
910,266,258
911,266,258
912,372,426
913,370,427
914,370,427
915,370,427
916,370,427
917,370,427
918,370,427
919,370,427
920,370,427
921,370,427
922,370,427
923,370,427
924,359,297
925,359,260
926,359,260
927,359,260
928,350,173
929,350,173
930,350,173
931,350,173
932,350,173
933,255,319
934,432,38
935,406,46
936,434,22
937,434,22
938,434,22
939,387,52
940,372,154
941,372,154
942,372,154
943,373,282
944,373,282
945,373,282
946,373,282
947,373,282
948,373,282
949,373,282
950,373,282
951,373,282
952,373,282
953,373,282
954,373,282
955,423,336
956,423,336
957,398,317
958,398,317
959,398,317
960,398,317
961,398,317
962,398,317
963,398,317
964,398,317
965,398,317
966,430,428
967,430,428
968,430,428
969,430,428
970,430,428
971,430,428
972,430,428
973,430,428
974,430,428
975,430,428
976,430,428
977,430,428
978,430,428
979,430,428
980,430,428
981,309,428
982,309,428
983,309,428
984,309,428
985,309,428
986,309,428
987,309,428
988,444,2
989,376,5
990,376,5
991,376,5
992,473,5
993,462,3
994,462,3
995,404,2
996,462,36
997,132,304
998,434,71
999,443,76
1000,443,76
1001,443,76
1002,443,76
1003,195,333
1004,195,333
1005,534,348
1006,534,348
1007,534,348
1008,534,348
1009,512,351
1010,561,344
1011,558,343
1012,558,343
1013,616,356
1014,188,377
1015,188,377
1016,188,377
1017,188,377
1018,188,377
1019,501,352
1020,558,345
1021,558,345
1022,558,345
1023,558,345
1024,4,320
1025,4,320
1026,4,320
1027,4,320
1028,4,320
1029,4,320
1030,4,320
1031,4,320
1032,219,405
1033,219,405
1034,293,423
1035,558,5
1036,566,3
1037,566,3
1038,566,3
1039,566,3
1040,566,3
1041,566,3
1042,566,3
1043,566,3
1044,566,3
1045,566,3
1046,617,420
1047,10,422
1048,398,401
1049,398,401
1050,398,401
1051,398,401
1052,398,401
1053,757,424
1054,757,424
1055,757,424
1056,751,3
1057,751,3
1058,372,426
1059,372,426
1060,372,426
1061,10,425
1062,10,425
1063,10,425
1064,10,425
1065,10,425
1066,5,205
1067,60,196
1068,60,196
1069,277,54
1070,279,55
1071,279,55
1072,171,202
1073,170,210
1074,5,211
1075,6,209
1076,249,426
1077,7,424
1078,7,424
1079,400,140
1080,400,140
1081,400,140
1082,297,421
1083,276,421
1084,276,421
1085,276,421
1086,276,421
1087,276,421
1088,276,421
1089,436,245
1090,436,245
1091,436,245
1092,436,245
1093,436,245
1094,436,245
1095,436,245
1096,436,245
1097,436,245
1098,436,245
1099,436,245
1100,436,245
1101,436,245
1102,436,245
1103,436,245
1104,436,245
1105,436,245
1106,436,245
1107,436,245
1108,436,245
1109,436,245
1110,436,245
1111,436,245
1112,436,245
1113,436,245
1114,436,245
1115,436,245
1116,436,245
1117,436,245
1118,436,245
1119,436,245
1120,436,245
1121,436,245
1122,640,126
1123,640,126
1124,640,126
1125,627,120
1126,676,115
1127,676,115
1128,676,115
1129,676,115
1130,607,4
1131,607,4
1132,607,4
1133,670,10
1134,670,10
1135,670,10
1136,474,126
1137,474,126
1138,474,126
1139,393,136
1140,393,136
1141,393,136
1142,290,162
1143,290,162
1144,360,5
1145,357,3
1146,4,175
1147,4,175
1148,4,175
1149,179,20
1150,179,20
1151,179,20
1152,112,49
1153,112,49
1154,112,49
1155,112,49
1156,8,226
1157,8,226
1158,130,251
1159,130,251
1160,130,251
1161,130,251
1162,130,251
1163,130,251
1164,130,251
1165,130,251
1166,130,251
1167,130,251
1168,130,251
1169,130,251
1170,751,425
1171,751,425
1172,751,425
1173,751,425
1174,387,294
1175,387,294
1176,387,294
1177,387,294
1178,387,294
1179,500,235
1180,449,283
1181,572,132
1182,572,132
1183,572,132
1184,572,132
1185,572,132
1186,572,132
1187,572,132
1188,572,132
1189,309,283
1190,309,283
1191,309,283
1192,309,283
1193,586,12
1194,586,12
1195,586,12
1196,586,12
1197,45,319
1198,45,319
1199,45,319
1200,45,319
1201,45,319
1202,444,425
1203,444,425
1204,444,425
1205,444,425
1206,444,425
1207,444,425
1208,444,425
1209,444,425
1210,444,425
1211,444,425
1212,563,427
1213,536,428
1214,760,426
1215,529,427
1216,411,427
1217,418,427
1218,425,427
1219,428,425
1220,354,428
1221,354,428
1222,337,427
1223,337,427
1224,337,427
1225,337,427
1226,337,427
1227,337,427
1228,337,427
1229,337,427
1230,337,427
1231,59,366
1232,5,372
1233,6,379
1234,6,379
1235,6,379
1236,6,379
1237,6,379
1238,309,2
1239,309,2
1240,309,2
1241,317,30
1242,313,36
1243,313,36
1244,313,36
1245,313,36
1246,313,36
1247,335,207
1248,392,234
1249,405,273
1250,139,349
1251,407,286
1252,352,274
1253,352,274
1254,344,428
1255,344,428
1256,344,428
1257,344,428
1258,172,340
1259,172,340
1260,172,340
1261,177,363
1262,177,363
1263,177,363
1264,471,249
1265,455,383
1266,134,339
1267,477,381
1268,477,381
1269,487,386
1270,487,386
1271,487,386
1272,487,386
1273,182,333
1274,207,332
1275,206,332
1276,206,335
1277,483,285
1278,483,285
1279,483,285
1280,483,285
1281,483,285
1282,342,252
1283,342,252
1284,342,252
1285,342,252
1286,342,252
1287,408,380
1288,408,380
1289,408,380
1290,408,380
1291,408,380
1292,408,380
1293,408,380
1294,491,398
1295,491,398
1296,171,341
1297,513,304
1298,513,304
1299,517,308
1300,177,342
1301,177,342
1302,177,342
1303,155,343
1304,155,343
1305,155,343
1306,155,343
1307,155,343
1308,372,389
1309,372,389
1310,292,259
1311,292,259
1312,292,259
1313,292,259
1314,367,392
1315,367,392
1316,367,392
1317,367,392
1318,367,392
1319,491,398
1320,491,398
1321,491,398
1322,143,343
1323,471,396
1324,141,345
1325,141,345
1326,141,345
1327,141,345
1328,140,354
1329,140,354
1330,140,354
1331,140,354
1332,396,325
1333,396,325
1334,396,325
1335,396,325
1336,396,325
1337,396,325
1338,280,371
1339,280,371
1340,280,371
1341,384,348
1342,384,348
1343,384,348
1344,384,348
1345,384,348
1346,384,348
1347,384,348
1348,384,348
1349,384,348
1350,384,348
1351,384,348
1352,384,348
1353,384,348
1354,384,348
1355,394,318
1356,446,392
1357,448,392
1358,448,392
1359,105,345
1360,105,345
1361,407,393
1362,285,122
1363,285,122
1364,285,122
1365,381,7
1366,381,7
1367,381,7
1368,284,4
1369,284,4
1370,108,398
1371,108,398
1372,108,398
1373,15,421
1374,15,421
1375,15,421
1376,15,421
1377,15,421
1378,15,421
1379,15,421
1380,15,421
1381,15,421
1382,15,421
1383,15,421
1384,15,421
1385,15,421
1386,15,421
1387,15,421
1388,15,421
1389,15,421
1390,15,421
1391,15,421
1392,15,421
1393,15,421
1394,15,421
1395,15,421
1396,15,421
1397,15,421
1398,15,421
1399,15,421
1400,15,421
1401,15,421
1402,15,421
1403,429,426
1404,429,426
1405,429,426
1406,642,300
1407,656,298
1408,656,298
1409,656,298
1410,290,381
1411,290,381
1412,626,390
1413,626,390
1414,626,390
1415,626,390
1416,626,390
1417,631,292
1418,631,292
1419,631,292
1420,448,213
1421,448,213
1422,448,213
1423,448,213
1424,448,213
1425,448,213
1426,490,191
1427,314,174
1428,314,174
1429,314,174
1430,314,174
1431,144,61
1432,144,61
1433,144,61
1434,168,229
1435,126,234
1436,198,262
1437,199,263
1438,199,263
1439,312,76
1440,89,287
1441,89,287
1442,89,287
1443,89,287
1444,89,287
1445,36,299
1446,95,12
1447,100,132
1448,94,71
1449,94,71
1450,94,71
1451,98,161
1452,99,161
1453,96,161
1454,96,160
1455,98,160
1456,89,160
1457,91,160
1458,91,159
1459,91,159
1460,95,159
1461,95,158
1462,95,158
1463,96,156
1464,96,158
1465,6,296
1466,99,25
1467,99,25
1468,99,25
1469,99,25
1470,99,25
1471,79,113
1472,98,26
1473,158,68
1474,158,68
1475,158,68
1476,158,68
1477,92,161
1478,97,161
1479,96,161
1480,96,161
1481,96,161
1482,96,161
1483,364,152
1484,364,152
1485,364,152
1486,364,152
1487,364,152
1488,83,117
1489,87,117
1490,29,294
1491,76,64
1492,86,117
1493,86,117
1494,86,117
1495,86,117
1496,86,117
1497,86,117
1498,86,117
1499,86,117
1500,86,117
1501,343,279
1502,346,279
1503,346,279
1504,346,279
1505,346,279
1506,306,260
1507,306,260
1508,306,260
1509,306,260
1510,306,260
1511,306,260
1512,502,255
1513,77,68
1514,77,68
1515,77,68
1516,77,68
1517,77,68
1518,77,68
1519,629,227
1520,629,227
1521,629,227
1522,629,227
1523,629,227
1524,629,227
1525,629,227
1526,629,227
1527,84,307
1528,256,182
1529,255,183
1530,255,183
1531,255,183
1532,255,183
1533,255,183
1534,255,183
1535,255,183
1536,255,183
1537,3,271
1538,3,271
1539,3,271
1540,67,281
1541,74,287
1542,84,284
1543,84,284
1544,135,325
1545,135,325
1546,135,325
1547,135,325
1548,135,325
1549,135,325
1550,135,325
1551,135,325
1552,135,325
1553,135,325
1554,135,325
1555,135,325
1556,135,325
1557,135,325
1558,135,325
1559,135,325
1560,41,298
1561,4,311
1562,4,311
1563,4,311
1564,4,311
1565,4,311
1566,4,311
1567,4,311
1568,4,311
1569,4,311
1570,4,311
1571,4,311
1572,4,311
1573,4,311
1574,4,311
1575,4,311
1576,4,311
1577,4,311
1578,4,311
1579,146,426
1580,146,426
1581,146,426
1582,146,426
1583,146,426
1584,342,350
1585,342,350
1586,342,350
1587,342,350
1588,342,350
1589,342,350
1590,342,350
1591,83,329
1592,83,329
1593,57,319
1594,57,319
1595,57,319
1596,57,319
1597,57,319
1598,36,326
1599,36,326
1600,36,326
1601,36,326
1602,36,326
1603,185,419
1604,186,421
1605,186,421
1606,186,421
1607,186,421
1608,186,421
1609,186,421
1610,162,338
1611,162,338
1612,162,338
1613,162,338
1614,162,338
1615,6,421
1616,6,421
1617,6,421
1618,36,428
1619,36,428
1620,369,364
1621,369,364
1622,428,334
1623,428,334
1624,428,334
1625,428,334
1626,428,334
1627,428,334
1628,428,334
1629,428,334
1630,568,345
1631,568,345
1632,568,345
1633,568,345
1634,530,428
1635,196,426
1636,196,426
1637,196,426
1638,196,426
1639,196,426
1640,196,426
1641,196,426
1642,196,426
1643,196,426
1644,196,426
1645,196,426
1646,196,426
1647,196,426
1648,196,426
1649,429,427
1650,429,427
1651,429,427
1652,429,427
1653,437,427
1654,470,427
1655,449,426
1656,449,426
1657,449,426
1658,449,426
1659,389,426
1660,389,426
1661,389,426
1662,389,426
1663,389,426
1664,389,426
1665,389,426
1666,409,47
1667,366,205
1668,366,205
1669,366,205
1670,366,205
1671,366,205
1672,366,205
1673,434,5
1674,434,6
1675,434,6
1676,434,6
1677,434,6
1678,437,6
1679,437,6
1680,321,158
1681,435,6
1682,434,6
1683,434,7
1684,434,6
1685,435,6
1686,435,6
1687,434,6
1688,321,158
1689,434,6
1690,434,6
1691,434,6
1692,434,6
1693,434,6
1694,434,6
1695,434,6
1696,434,6
1697,434,6
1698,434,6
1699,434,6
1700,320,159
1701,320,159
1702,320,159
1703,320,159
1704,320,159
1705,433,6
1706,327,160
1707,327,160
1708,327,160
1709,327,160
1710,327,160
1711,428,6
1712,322,156
1713,438,15
1714,438,15
1715,434,13
1716,319,153
1717,319,153
1718,317,153
1719,429,8
1720,429,8
1721,435,15
1722,436,14
1723,441,21
1724,441,21
1725,441,21
1726,441,21
1727,441,21
1728,441,21
1729,441,21
1730,441,21
1731,441,21
1732,441,21
1733,441,21
1734,441,21
1735,349,156
1736,189,266
1737,256,377
1738,256,377
1739,256,377
1740,455,428
1741,455,428
1742,455,428
1743,186,354
1744,186,354
1745,173,364
1746,173,364
1747,173,364
1748,173,364
1749,207,427
1750,207,427
1751,207,427
1752,207,427
1753,207,427
1754,207,427
1755,419,286
1756,391,373
1757,403,272
1758,403,272
1759,402,411
1760,402,411
1761,404,289
1762,404,289
1763,404,289
1764,412,232
1765,408,225
1766,408,225
1767,408,225
1768,408,225
1769,408,225
1770,408,225
1771,408,225
1772,408,225
1773,408,225
1774,412,199
1775,413,199
1776,386,97
1777,413,199
1778,413,199
1779,389,97
1780,390,97
1781,389,97
1782,389,97
1783,389,97
1784,387,97
1785,377,113
1786,379,92
1787,367,94
1788,367,94
1789,367,94
1790,405,367
1791,405,347
1792,405,347
1793,405,347
1794,405,347
1795,405,347
1796,410,386
1797,410,386
1798,406,428
1799,406,428
1800,406,428
1801,406,428
1802,406,428
1803,406,428
1804,273,285
1805,273,285
1806,273,285
1807,273,285
1808,273,285
1809,307,386
1810,265,293
1811,265,293
1812,265,293
1813,204,297
1814,204,297
1815,204,297
1816,204,297
1817,204,297
1818,204,297
1819,204,297
1820,204,297
1821,204,297
1822,195,293
1823,648,428
1824,195,298
1825,556,302
1826,555,320
1827,660,428
1828,671,426
1829,671,426
1830,678,427
1831,682,427
1832,683,427
1833,683,428
1834,548,315
1835,672,427
1836,672,427
1837,672,427
1838,672,427
1839,530,312
1840,469,317
1841,420,319
1842,420,319
1843,420,319
1844,251,274
1845,187,379
1846,452,258
1847,452,258
1848,452,258
1849,452,258
1850,314,373
1851,306,364
1852,165,409
1853,165,409
1854,165,409
1855,165,409
1856,760,428
1857,5,362
1858,5,362
1859,3,423
1860,3,423
1861,375,428
1862,375,428
1863,205,425
1864,205,425
1865,205,425
1866,205,425
1867,205,425
1868,495,428
1869,294,427
1870,294,427
1871,294,427
1872,72,341
1873,72,341
1874,13,320
1875,13,320
1876,13,320
1877,13,320
1878,13,320
1879,13,320
1880,13,320
1881,351,322
1882,351,322
1883,351,322
1884,27,427
1885,5,427
1886,15,331
1887,15,331
1888,6,279
1889,6,279
1890,6,279
1891,606,291
1892,489,269
1893,754,125
1894,526,325
1895,526,325
1896,526,325
1897,761,420
1898,761,420
1899,512,428
1900,512,428
1901,492,402
1902,151,358
1903,151,358
1904,151,358
1905,151,358
1906,151,358
1907,151,358
1908,151,358
1909,131,344
1910,470,398
1911,470,398
1912,470,398
1913,115,345
1914,115,345
1915,121,345
1916,121,345
1917,121,345
1918,121,345
1919,445,409
1920,445,409
1921,161,398
1922,441,408
1923,441,408
1924,441,408
1925,441,408
1926,478,273
1927,451,273
1928,313,289
1929,305,288
1930,302,290
1931,293,283
1932,283,275
1933,283,275
1934,268,262
1935,268,262
1936,268,262
1937,294,426
1938,294,426
1939,294,426
1940,294,426
1941,294,426
1942,294,426
1943,294,426
1944,294,426
1945,294,426
1946,294,426
1947,408,300
1948,408,300
1949,408,300
1950,408,300
1951,408,300
1952,408,300
1953,408,300
1954,408,300
1955,408,300
1956,523,7
1957,523,7
1958,523,7
1959,523,7
1960,523,7
1961,523,7
1962,401,43
1963,396,64
1964,396,64
1965,396,64
1966,396,64
1967,396,64
1968,396,64
1969,252,427
1970,252,427
1971,252,427
1972,252,427
1973,252,427
1974,368,371
1975,368,371
1976,378,372
1977,378,372
1978,304,428
1979,419,339
1980,421,337
1981,421,337
1982,421,337
1983,421,337
1984,421,337
1985,421,337
1986,421,337
1987,421,337
1988,421,337
1989,421,337
1990,421,337
1991,421,337
1992,421,337
1993,421,337
1994,354,277
1995,354,277
1996,354,277
1997,354,277
1998,354,277
1999,354,277
2000,354,277
2001,354,277
2002,354,277
2003,100,373
2004,100,373
2005,100,373
2006,309,427
2007,479,126
2008,479,126
2009,479,126
2010,479,126
2011,479,126
2012,479,126
2013,489,26
2014,489,26
2015,472,6
2016,472,6
2017,472,6
2018,506,59
2019,506,59
2020,370,346
2021,392,353
2022,392,353
2023,392,353
2024,392,353
2025,392,353
2026,392,353
2027,198,333
2028,527,353
2029,530,345
2030,534,345
2031,534,345
2032,534,345
2033,139,377
2034,79,391
2035,78,391
2036,72,394
2037,98,423
2038,227,373
2039,227,373
2040,227,373
2041,227,373
2042,227,373
2043,514,348
2044,514,348
2045,514,348
2046,514,348
2047,8,314
2048,8,314
2049,28,358
2050,28,358
2051,28,358
2052,28,358
2053,28,358
2054,28,358
2055,112,340
2056,112,340
2057,388,4
2058,388,4
2059,388,4
2060,10,425
2061,447,139
2062,447,139
2063,447,139
2064,447,139
2065,447,139
2066,447,139
2067,4,416
2068,747,416
2069,747,416
2070,405,341
2071,151,428
2072,151,428
2073,151,428
2074,151,428
2075,151,428
2076,151,428
2077,151,428
2078,151,428
2079,151,428
2080,151,428
2081,151,428
2082,380,418
2083,380,418
2084,380,418
2085,380,418
2086,380,418
2087,380,418
2088,380,418
2089,12,19
2090,12,19
2091,12,19
2092,96,202
2093,96,202
2094,168,215
2095,100,197
2096,183,222
2097,106,205
2098,106,205
2099,106,205
2100,5,251
2101,5,251
2102,5,251
2103,398,158
2104,398,158
2105,398,158
2106,82,429
2107,82,429
2108,82,429
2109,82,429
2110,82,429
2111,82,429
2112,82,429
2113,82,429
2114,82,429
2115,82,429
2116,82,429
2117,82,429
2118,82,429
2119,82,429
2120,82,429
2121,82,429
2122,82,429
2123,82,429
2124,82,429
2125,82,429
2126,391,262
2127,381,256
2128,381,256
2129,381,256
2130,381,256
2131,381,256
2132,381,256
2133,405,392
2134,424,427
2135,424,427
2136,424,427
2137,472,424
2138,472,424
2139,472,424
2140,391,427
2141,391,427
2142,391,427
2143,391,427
2144,391,427
2145,391,427
2146,750,426
2147,750,426
2148,750,426
2149,750,426
2150,671,98
2151,671,98
2152,671,98
2153,671,98
2154,596,138
2155,596,138
2156,596,138
2157,629,5
2158,629,5
2159,505,124
2160,505,124
2161,505,124
2162,505,124
2163,398,135
2164,398,135
2165,177,141
2166,177,141
2167,386,3
2168,360,5
2169,360,5
2170,360,5
2171,360,5
2172,360,5
2173,360,5
2174,360,5
2175,360,5
2176,123,72
2177,123,72
2178,123,72
2179,5,248
2180,5,248
2181,5,248
2182,175,250
2183,175,250
2184,175,250
2185,186,278
2186,186,278
2187,186,278
2188,186,278
2189,186,278
2190,186,278
2191,186,278
2192,186,278
2193,186,278
2194,9,243
2195,9,243
2196,9,243
2197,9,243
2198,9,243
2199,9,243
2200,9,243
2201,446,246
2202,446,246
2203,446,246
2204,441,281
2205,441,281
2206,546,15
2207,546,15
2208,546,15
2209,546,15
2210,546,15
2211,546,15
2212,546,15
2213,320,274
2214,320,274
2215,5,272
2216,5,280
2217,5,280
2218,355,331
2219,355,331
2220,10,318
2221,45,321
2222,377,131
2223,377,131
2224,377,131
2225,377,131
2226,74,358
2227,74,358
2228,74,358
2229,74,358
2230,361,215
2231,85,425
2232,85,425
2233,85,425
2234,85,425
2235,325,332
2236,490,424
2237,515,425
2238,325,425
2239,539,427
2240,712,425
2241,691,425
2242,459,427
2243,716,424
2244,534,426
2245,535,426
2246,535,426
2247,535,426
2248,405,426
2249,405,426
2250,405,426
2251,173,410
2252,173,410
2253,173,410
2254,148,427
2255,148,427
2256,148,427
2257,148,427
2258,148,427
2259,6,337
2260,460,6
2261,316,2
2262,302,16
2263,302,16
2264,302,16
2265,302,16
2266,330,71
2267,323,145
2268,333,4
2269,333,4
2270,333,4
2271,333,4
2272,333,4
2273,402,266
2274,401,275
2275,396,284
2276,399,305
2277,399,305
2278,153,366
2279,153,366
2280,153,366
2281,153,366
2282,153,366
2283,169,342
2284,185,372
2285,185,372
2286,185,372
2287,185,372
2288,185,372
2289,185,372
2290,185,372
2291,185,372
2292,163,357
2293,163,357
2294,154,335
2295,426,306
2296,426,306
2297,453,273
2298,475,282
2299,475,282
2300,475,282
2301,475,282
2302,202,337
2303,202,337
2304,202,337
2305,202,337
2306,444,382
2307,444,382
2308,444,382
2309,444,382
2310,389,382
2311,389,382
2312,389,382
2313,454,382
2314,394,264
2315,394,264
2316,394,264
2317,394,264
2318,394,264
2319,394,264
2320,394,264
2321,394,264
2322,394,264
2323,394,264
2324,394,264
2325,394,264
2326,421,274
2327,421,274
2328,421,274
2329,421,274
2330,421,272
2331,421,272
2332,421,272
2333,421,272
2334,421,272
2335,421,272
2336,421,272
2337,421,272
2338,421,272
2339,421,272
2340,421,272
2341,421,272
2342,421,272
2343,421,272
2344,154,346
2345,156,341
2346,156,341
2347,194,346
2348,194,346
2349,194,346
2350,202,343
2351,538,298
2352,204,344
2353,189,341